Id_tx;clase;valor;codigo unico
9876;COMPRA;320955;1000
9869;AVANCE;400000;1001
9869;AVANCE;50000;1002
9867;COMPRA;1580160;1003
9866;COMPRA;907554;1004
9862;AVANCE;100000;1005
9861;COMPRA;499950;1006
9861;COMPRA;216162;1007
9860;COMPRA;37760;1008
9858;COMPRA;554070;1009
9855;COMPRA;266254;1010
9853;AVANCE;750000;1011
9851;COMPRA;164900;1012
9850;COMPRA;155799;1013
9850;COMPRA;190675;1014
9849;COMPRA;65499;1015
9847;AVANCE;90000;1016
9842;COMPRA;723000;1017
9841;AVANCE;200000;1018
9834;COMPRA;1396127;1019
9827;COMPRA;409544;1020
9807;COMPRA;150000;1021
9803;COMPRA;34280;1022
9797;COMPRA;75040;1023
9792;COMPRA;91300;1024
9791;COMPRA;41549;1025
9787;COMPRA;104753;1026
9786;COMPRA;3900;1027
9784;COMPRA;77000;1028
9782;COMPRA;58000;1029
9780;AVANCE;800000;1030
9777;COMPRA;76000;1031
9772;COMPRA;50000;1032
9769;COMPRA;1399900;1033
9767;COMPRA;450240;1034
9765;COMPRA;102513;1035
9765;COMPRA;26200;1036
9764;COMPRA;3549;1037
9761;COMPRA;17642;1038
9760;AVANCE;100000;1039
9760;COMPRA;132897;1040
9758;AVANCE;400000;1041
9756;COMPRA;243226;1042
9754;COMPRA;50000;1043
9752;COMPRA;45010;1044
9749;COMPRA;93900;1045
9746;AVANCE;350000;1046
9743;AVANCE;800000;1047
9738;COMPRA;82700;1048
9737;COMPRA;597019;1049
9737;AVANCE;250000;1050
9734;COMPRA;191840;1051
9732;COMPRA;609900;1052
9731;AVANCE;600000;1053
9729;AVANCE;800000;1054
9729;COMPRA;105085;1055
9729;COMPRA;81916;1056
9727;COMPRA;649900;1057
9724;COMPRA;37500;1058
9723;COMPRA;2295820;1059
9717;COMPRA;2026450;1060
9717;COMPRA;217736;1061
9715;COMPRA;16460;1062
9713;COMPRA;1203084;1063
9712;COMPRA;22500;1064
9709;COMPRA;57800;1065
9701;COMPRA;850000;1066
9700;COMPRA;38915;1067
9698;COMPRA;141870;1068
9696;COMPRA;99000;1069
9693;COMPRA;66977;1070
9691;COMPRA;99800;1071
9690;COMPRA;97684;1072
9687;COMPRA;286820;1073
9685;COMPRA;2376299;1074
9682;COMPRA;12900;1075
9675;COMPRA;199990;1076
9672;COMPRA;176000;1077
9668;COMPRA;68581;1078
9667;COMPRA;255564;1079
9665;COMPRA;32900;1080
9664;COMPRA;1000;1081
9663;COMPRA;39500;1082
9657;COMPRA;8831;1083
9656;COMPRA;253503;1084
9655;COMPRA;336750;1085
9655;COMPRA;28900;1086
9652;COMPRA;175000;1087
9647;COMPRA;31210;1088
9643;AVANCE;430000;1089
9642;COMPRA;1420000;1090
9640;AVANCE;800000;1091
9639;COMPRA;16500;1092
9637;COMPRA;691;1093
9637;COMPRA;43769;1094
9634;COMPRA;75000;1095
9630;COMPRA;142319;1096
9628;COMPRA;640776;1097
9624;AVANCE;200000;1098
9620;COMPRA;65591;1099
9619;COMPRA;214638;1100
9618;COMPRA;1748947;1101
9617;COMPRA;29090;1102
9616;COMPRA;90656;1103
9615;COMPRA;14900;1104
9611;COMPRA;2149853;1105
9606;AVANCE;600000;1106
9605;AVANCE;800000;1107
9603;COMPRA;292500;1108
9602;COMPRA;138641;1109
9596;COMPRA;143300;1110
9594;COMPRA;161243;1111
9592;COMPRA;529600;1112
9588;COMPRA;23300;1113
9582;COMPRA;123050;1114
9582;COMPRA;193720;1115
9580;COMPRA;160965;1116
9577;AVANCE;800000;1117
9576;COMPRA;137124;1118
9571;AVANCE;100000;1119
9571;COMPRA;90346;1120
9567;COMPRA;229922;1121
9562;COMPRA;60000;1122
9558;COMPRA;66050;1123
9554;COMPRA;521820;1124
9551;COMPRA;18900;1125
9546;COMPRA;148037;1126
9546;COMPRA;47994;1127
9545;AVANCE;600000;1128
9543;COMPRA;800000;1129
9542;COMPRA;81058;1130
9539;COMPRA;10970;1131
9535;COMPRA;37234;1132
9528;AVANCE;200000;1133
9519;AVANCE;100000;1134
9519;COMPRA;1272555;1135
9510;COMPRA;107920;1136
9506;COMPRA;26900;1137
9504;COMPRA;188816;1138
9502;COMPRA;292681;1139
9501;COMPRA;140010;1140
9498;COMPRA;30000;1141
9497;AVANCE;800000;1142
9485;COMPRA;41175;1143
9484;COMPRA;1600000;1144
9482;AVANCE;100000;1145
9480;AVANCE;180000;1146
9478;AVANCE;100000;1147
9478;AVANCE;450000;1148
9478;COMPRA;999900;1149
9476;COMPRA;84241;1150
9474;COMPRA;134700;1151
9471;COMPRA;839215;1152
9469;COMPRA;172642;1153
9469;COMPRA;25171;1154
9469;COMPRA;28500;1155
9467;COMPRA;2309945;1156
9465;COMPRA;297105;1157
9465;AVANCE;600000;1158
9462;COMPRA;20000;1159
9461;COMPRA;14900;1160
9458;COMPRA;189972;1161
9456;COMPRA;247089;1162
9455;COMPRA;310631;1163
9453;COMPRA;8137;1164
9452;COMPRA;163940;1165
9451;COMPRA;504218;1166
9447;COMPRA;340000;1167
9446;COMPRA;1690000;1168
9435;AVANCE;400000;1169
9434;COMPRA;373200;1170
9434;COMPRA;63614;1171
9433;COMPRA;212920;1172
9431;COMPRA;1569896;1173
9428;COMPRA;877803;1174
9426;COMPRA;48085;1175
9425;COMPRA;338050;1176
9424;COMPRA;181930;1177
9407;COMPRA;1690000;1178
9406;COMPRA;40142;1179
9403;AVANCE;70000;1180
9400;COMPRA;40000;1181
9396;COMPRA;180030;1182
9394;COMPRA;484300;1183
9390;AVANCE;600000;1184
9388;COMPRA;14900;1185
9384;AVANCE;800000;1186
9381;COMPRA;112807;1187
9368;COMPRA;35402;1188
9367;COMPRA;148770;1189
9366;COMPRA;164789;1190
9363;COMPRA;234840;1191
9363;COMPRA;165811;1192
9362;AVANCE;600000;1193
9360;COMPRA;8888;1194
9360;AVANCE;436500;1195
9359;COMPRA;92400;1196
9359;COMPRA;26700;1197
9356;AVANCE;50000;1198
9352;COMPRA;72485;1199
9351;COMPRA;287350;1200
9347;COMPRA;1899900;1201
9344;COMPRA;108374;1202
9334;COMPRA;4427877;1203
9333;AVANCE;800000;1204
9333;COMPRA;649237;1205
9331;AVANCE;800000;1206
9327;COMPRA;295653;1207
9325;COMPRA;28780;1208
9321;COMPRA;189096;1209
9321;COMPRA;179940;1210
9320;COMPRA;88900;1211
9318;COMPRA;74500;1212
9315;COMPRA;424800;1213
9313;AVANCE;100000;1214
9313;COMPRA;141000;1215
9312;COMPRA;365467;1216
9311;AVANCE;250000;1217
9302;COMPRA;95994;1218
9296;COMPRA;296800;1219
9295;COMPRA;21500;1220
9294;AVANCE;400000;1221
9294;COMPRA;10900;1222
9286;COMPRA;24950;1223
9286;COMPRA;80410;1224
9285;COMPRA;540900;1225
9285;COMPRA;939900;1226
9284;COMPRA;202025;1227
9273;COMPRA;1124900;1228
9265;COMPRA;43301;1229
9264;AVANCE;10000;1230
9259;COMPRA;52990;1231
9256;COMPRA;431226;1232
9255;COMPRA;224976;1233
9252;AVANCE;15000;1234
9248;COMPRA;2800;1235
9237;AVANCE;120000;1236
9236;COMPRA;1900;1237
9235;COMPRA;213647;1238
9232;COMPRA;38900;1239
9230;COMPRA;24900;1240
9229;COMPRA;247353;1241
9227;AVANCE;500000;1242
9226;COMPRA;1093800;1243
9226;COMPRA;19900;1244
9221;COMPRA;59980;1245
9217;COMPRA;1436283;1246
9213;COMPRA;106995;1247
9212;COMPRA;429702;1248
9208;COMPRA;82495;1249
9208;COMPRA;16900;1250
9199;COMPRA;483950;1251
9188;COMPRA;1631780;1252
9187;COMPRA;11060;1253
9186;COMPRA;1376282;1254
9178;COMPRA;79200;1255
9170;AVANCE;180000;1256
9168;AVANCE;200000;1257
9167;COMPRA;29060;1258
9163;COMPRA;34870;1259
9163;COMPRA;415;1260
9162;COMPRA;1300000;1261
9160;COMPRA;117150;1262
9156;COMPRA;951024;1263
9155;COMPRA;23800;1264
9152;AVANCE;300000;1265
9150;COMPRA;56489;1266
9149;COMPRA;209600;1267
9139;COMPRA;6000;1268
9136;COMPRA;23450;1269
9136;COMPRA;130000;1270
9134;COMPRA;100000;1271
9124;COMPRA;49900;1272
9124;COMPRA;1941910;1273
9124;COMPRA;66600;1274
9119;COMPRA;499120;1275
9111;COMPRA;30000;1276
9110;COMPRA;32900;1277
9104;COMPRA;26900;1278
9100;COMPRA;60303;1279
9099;COMPRA;9567;1280
9098;COMPRA;12900;1281
9093;COMPRA;20400;1282
9090;COMPRA;43390;1283
9088;COMPRA;119359;1284
9086;COMPRA;21706;1285
9081;COMPRA;405700;1286
9075;COMPRA;1065607;1287
9072;AVANCE;100000;1288
9066;COMPRA;30000;1289
9062;COMPRA;38751;1290
9053;AVANCE;1200000;1291
9045;COMPRA;70000;1292
9043;COMPRA;100000;1293
9042;COMPRA;414030;1294
9041;AVANCE;600000;1295
9040;COMPRA;139035;1296
9036;COMPRA;7647;1297
9035;COMPRA;125973;1298
9035;COMPRA;156051;1299
9033;AVANCE;800000;1300
9031;COMPRA;50000;1301
9030;COMPRA;114800;1302
9022;COMPRA;789949;1303
9018;COMPRA;70900;1304
9014;AVANCE;50000;1305
9013;COMPRA;679930;1306
9013;AVANCE;200000;1307
9007;AVANCE;150000;1308
9005;COMPRA;105646;1309
9003;COMPRA;147470;1310
9002;COMPRA;39990;1311
8996;AVANCE;300000;1312
8995;AVANCE;160000;1313
8994;COMPRA;79900;1314
8990;COMPRA;93280;1315
8989;COMPRA;1500000;1316
8987;COMPRA;168702;1317
8974;COMPRA;1699900;1318
8973;AVANCE;400000;1319
8961;COMPRA;60000;1320
8955;COMPRA;22030;1321
8955;COMPRA;71360;1322
8954;COMPRA;2800;1323
8953;COMPRA;44855;1324
8951;COMPRA;33681;1325
8948;COMPRA;171256;1326
8947;COMPRA;530021;1327
8947;AVANCE;400000;1328
8939;COMPRA;200000;1329
8930;COMPRA;260657;1330
8930;AVANCE;100000;1331
8928;COMPRA;320850;1332
8928;AVANCE;800000;1333
8926;AVANCE;200000;1334
8924;COMPRA;1283775;1335
8923;COMPRA;19440;1336
8923;COMPRA;409552;1337
8922;AVANCE;200000;1338
8918;COMPRA;49989;1339
8918;COMPRA;705000;1340
8913;COMPRA;11300;1341
8908;COMPRA;699900;1342
8902;COMPRA;880323;1343
8900;AVANCE;200000;1344
8886;COMPRA;108011;1345
8885;COMPRA;142101;1346
8882;COMPRA;431664;1347
8880;COMPRA;81263;1348
8878;COMPRA;140857;1349
8878;COMPRA;53212;1350
8878;COMPRA;807886;1351
8875;COMPRA;92000;1352
8871;AVANCE;400000;1353
8870;COMPRA;175900;1354
8866;AVANCE;100000;1355
8860;COMPRA;1649900;1356
8859;COMPRA;281794;1357
8859;AVANCE;400000;1358
8852;COMPRA;1425768;1359
8848;COMPRA;77270;1360
8847;COMPRA;2152590;1361
8838;COMPRA;399331;1362
8833;COMPRA;317300;1363
8832;COMPRA;5600;1364
8831;COMPRA;167310;1365
8828;COMPRA;263156;1366
8821;COMPRA;33375;1367
8821;COMPRA;41800;1368
8818;COMPRA;20295;1369
8815;AVANCE;300000;1370
8814;AVANCE;800000;1371
8813;AVANCE;800000;1372
8809;COMPRA;1727732;1373
8807;COMPRA;507170;1374
8806;COMPRA;25100;1375
8806;COMPRA;146000;1376
8802;AVANCE;41000;1377
8801;COMPRA;22400;1378
8800;AVANCE;500000;1379
8799;AVANCE;800000;1380
8797;COMPRA;147650;1381
8794;AVANCE;600000;1382
8792;COMPRA;260000;1383
8792;COMPRA;17000;1384
8788;COMPRA;23250;1385
8781;COMPRA;78298;1386
8775;COMPRA;85650;1387
8774;COMPRA;179360;1388
8770;COMPRA;30500;1389
8759;COMPRA;277700;1390
8754;COMPRA;50041;1391
8754;COMPRA;492341;1392
8753;COMPRA;30000;1393
8752;AVANCE;600000;1394
8751;COMPRA;129500;1395
8743;AVANCE;800000;1396
8743;COMPRA;19900;1397
8742;COMPRA;33890;1398
8735;AVANCE;600000;1399
8733;AVANCE;800000;1400
8718;COMPRA;264940;1401
8712;AVANCE;150000;1402
8711;COMPRA;50000;1403
8709;COMPRA;38900;1404
8708;COMPRA;200000;1405
8705;COMPRA;271200;1406
8693;AVANCE;500000;1407
8692;COMPRA;166386;1408
8680;COMPRA;140032;1409
8679;COMPRA;70000;1410
8678;COMPRA;2800;1411
8678;COMPRA;31990;1412
8677;COMPRA;6000;1413
8677;AVANCE;300000;1414
8674;AVANCE;600000;1415
8672;COMPRA;91000;1416
8671;COMPRA;171996;1417
8667;COMPRA;125470;1418
8664;COMPRA;498948;1419
8663;COMPRA;203900;1420
8663;AVANCE;400000;1421
8658;COMPRA;229800;1422
8656;COMPRA;233203;1423
8655;AVANCE;200000;1424
8655;COMPRA;79104;1425
8654;COMPRA;44704;1426
8654;COMPRA;15621;1427
8649;COMPRA;222350;1428
8641;AVANCE;120000;1429
8635;COMPRA;238800;1430
8635;COMPRA;109209;1431
8633;AVANCE;200000;1432
8633;COMPRA;68600;1433
8632;COMPRA;7980;1434
8632;COMPRA;121389;1435
8628;COMPRA;1971908;1436
8628;COMPRA;109900;1437
8626;COMPRA;270000;1438
8616;COMPRA;51781;1439
8613;AVANCE;500000;1440
8609;AVANCE;600000;1441
8604;COMPRA;100320;1442
8603;COMPRA;163944;1443
8603;COMPRA;33930;1444
8603;COMPRA;44499;1445
8600;AVANCE;50000;1446
8597;COMPRA;27590;1447
8590;COMPRA;12321;1448
8586;COMPRA;86610;1449
8584;COMPRA;29528;1450
8580;COMPRA;803450;1451
8579;AVANCE;300000;1452
8578;COMPRA;50000;1453
8578;AVANCE;400000;1454
8573;COMPRA;16900;1455
8570;COMPRA;169647;1456
8570;AVANCE;600000;1457
8566;COMPRA;30000;1458
8556;COMPRA;282893;1459
8553;COMPRA;295068;1460
8550;COMPRA;1199900;1461
8542;COMPRA;120965;1462
8542;AVANCE;600000;1463
8542;COMPRA;43233;1464
8535;AVANCE;800000;1465
8534;COMPRA;362938;1466
8524;AVANCE;200000;1467
8523;COMPRA;118324;1468
8521;AVANCE;800000;1469
8519;COMPRA;69800;1470
8517;COMPRA;183108;1471
8507;AVANCE;800000;1472
8501;COMPRA;66950;1473
8498;COMPRA;50000;1474
8494;COMPRA;1855350;1475
8487;COMPRA;118814;1476
8487;COMPRA;32000;1477
8483;COMPRA;74190;1478
8476;COMPRA;21260;1479
8476;COMPRA;47980;1480
8475;COMPRA;3081900;1481
8475;COMPRA;34120;1482
8471;COMPRA;7154;1483
8470;AVANCE;400000;1484
8469;COMPRA;139041;1485
8468;COMPRA;212821;1486
8467;AVANCE;200000;1487
8459;COMPRA;54160;1488
8457;AVANCE;800000;1489
8456;AVANCE;128000;1490
8450;COMPRA;106872;1491
8448;COMPRA;17200;1492
8446;COMPRA;36590;1493
8442;COMPRA;1000000;1494
8439;COMPRA;62369;1495
8438;COMPRA;3304985;1496
8438;COMPRA;128733;1497
8435;AVANCE;100000;1498
8435;AVANCE;200000;1499
8429;COMPRA;6395;1500
8429;COMPRA;605040;1501
8427;COMPRA;76030;1502
8424;COMPRA;1101942;1503
8420;AVANCE;400000;1504
8417;AVANCE;600000;1505
8416;COMPRA;73694;1506
8415;COMPRA;138120;1507
8412;AVANCE;50000;1508
8407;COMPRA;960672;1509
8406;AVANCE;800000;1510
8403;AVANCE;800000;1511
8402;COMPRA;1112000;1512
8395;AVANCE;400000;1513
8390;AVANCE;300000;1514
8388;COMPRA;32900;1515
8386;COMPRA;10000;1516
8385;COMPRA;1400000;1517
8379;COMPRA;299135;1518
8376;COMPRA;14900;1519
8375;AVANCE;800000;1520
8374;COMPRA;35380;1521
8370;AVANCE;500000;1522
8366;COMPRA;149995;1523
8365;COMPRA;41232;1524
8362;COMPRA;111868;1525
8357;COMPRA;100000;1526
8343;COMPRA;1218800;1527
8342;COMPRA;186150;1528
8336;COMPRA;153894;1529
8335;COMPRA;416037;1530
8335;COMPRA;161500;1531
8335;COMPRA;603320;1532
8334;COMPRA;33880;1533
8331;COMPRA;2456940;1534
8327;AVANCE;600000;1535
8325;COMPRA;388838;1536
8324;COMPRA;20390;1537
8320;COMPRA;94400;1538
8313;AVANCE;800000;1539
8310;COMPRA;70000;1540
8302;COMPRA;209101;1541
8300;COMPRA;19800;1542
8297;COMPRA;46111;1543
8296;COMPRA;649935;1544
8293;AVANCE;183000;1545
8293;AVANCE;400000;1546
8292;AVANCE;300000;1547
8291;AVANCE;50000;1548
8289;AVANCE;600000;1549
8288;AVANCE;200000;1550
8286;COMPRA;1998000;1551
8284;COMPRA;200000;1552
8278;COMPRA;300000;1553
8276;COMPRA;78167;1554
8274;COMPRA;179009;1555
8273;COMPRA;844952;1556
8272;COMPRA;200000;1557
8269;COMPRA;23050;1558
8265;COMPRA;24900;1559
8264;COMPRA;429698;1560
8256;COMPRA;44500;1561
8256;COMPRA;260335;1562
8254;COMPRA;218350;1563
8252;COMPRA;18870;1564
8249;COMPRA;25650;1565
8241;COMPRA;39500;1566
8239;COMPRA;16300;1567
8237;COMPRA;150433;1568
8236;COMPRA;26900;1569
8236;COMPRA;287888;1570
8233;COMPRA;168730;1571
8231;COMPRA;32900;1572
8230;COMPRA;218403;1573
8205;COMPRA;1563800;1574
8200;COMPRA;289085;1575
8198;COMPRA;679900;1576
8193;COMPRA;75909;1577
8190;AVANCE;400000;1578
8190;COMPRA;20000;1579
8188;COMPRA;61493;1580
8187;COMPRA;427522;1581
8186;COMPRA;15800;1582
8186;COMPRA;43150;1583
8185;COMPRA;60000;1584
8184;COMPRA;304208;1585
8182;COMPRA;565100;1586
8180;AVANCE;800000;1587
8179;COMPRA;20030;1588
8178;COMPRA;69856;1589
8177;COMPRA;1099900;1590
8171;COMPRA;54650;1591
8170;COMPRA;70720;1592
8169;COMPRA;12965;1593
8168;AVANCE;800000;1594
8167;AVANCE;400000;1595
8167;COMPRA;324440;1596
8161;AVANCE;350000;1597
8160;AVANCE;30000;1598
8153;COMPRA;15000;1599
8153;AVANCE;500000;1600
8148;COMPRA;80242;1601
8148;COMPRA;347880;1602
8145;AVANCE;50000;1603
8144;COMPRA;351135;1604
8140;COMPRA;26133;1605
8137;COMPRA;8700;1606
8136;COMPRA;18800;1607
8136;COMPRA;362606;1608
8134;COMPRA;77831;1609
8133;COMPRA;68300;1610
8130;COMPRA;35780;1611
8130;COMPRA;1500647;1612
8119;COMPRA;108800;1613
8114;COMPRA;82213;1614
8110;COMPRA;300000;1615
8110;COMPRA;443210;1616
8110;COMPRA;760000;1617
8109;COMPRA;146716;1618
8108;COMPRA;69900;1619
8102;AVANCE;500000;1620
8101;COMPRA;16400;1621
8091;COMPRA;2526950;1622
8090;AVANCE;120000;1623
8088;COMPRA;15261;1624
8087;COMPRA;32400;1625
8078;COMPRA;98000;1626
8077;COMPRA;1737210;1627
8073;AVANCE;800000;1628
8072;COMPRA;70700;1629
8070;COMPRA;804852;1630
8064;COMPRA;382125;1631
8062;COMPRA;26400;1632
8062;AVANCE;300000;1633
8059;AVANCE;50000;1634
8058;COMPRA;22704;1635
8056;COMPRA;15063;1636
8056;AVANCE;800000;1637
8049;COMPRA;54300;1638
8046;COMPRA;320117;1639
8044;COMPRA;7087;1640
8043;COMPRA;46330;1641
8039;COMPRA;14900;1642
8033;AVANCE;70000;1643
8029;AVANCE;600000;1644
8026;COMPRA;8760;1645
8022;COMPRA;101015;1646
8021;COMPRA;20000;1647
8019;COMPRA;214639;1648
8013;COMPRA;37600;1649
8013;AVANCE;500000;1650
8013;COMPRA;58867;1651
8009;COMPRA;123520;1652
8006;COMPRA;26900;1653
8003;AVANCE;600000;1654
8002;COMPRA;1223999;1655
8001;AVANCE;100000;1656
8001;COMPRA;84750;1657
7999;COMPRA;291950;1658
7991;COMPRA;1313526;1659
7985;AVANCE;300000;1660
7983;COMPRA;1468057;1661
7983;COMPRA;55930;1662
7983;AVANCE;170000;1663
7981;COMPRA;604271;1664
7971;COMPRA;84102;1665
7970;AVANCE;300000;1666
7959;COMPRA;3128664;1667
7958;COMPRA;1371903;1668
7957;AVANCE;600000;1669
7954;COMPRA;248745;1670
7954;COMPRA;1295390;1671
7953;COMPRA;24957;1672
7951;COMPRA;145000;1673
7943;COMPRA;200000;1674
7939;COMPRA;41200;1675
7936;COMPRA;2000000;1676
7926;COMPRA;78880;1677
7925;COMPRA;74800;1678
7925;COMPRA;280010;1679
7922;AVANCE;400000;1680
7921;COMPRA;205700;1681
7920;COMPRA;400000;1682
7911;AVANCE;800000;1683
7909;AVANCE;500000;1684
7909;COMPRA;250000;1685
7909;COMPRA;111750;1686
7905;COMPRA;1949900;1687
7895;COMPRA;2149800;1688
7894;COMPRA;154874;1689
7891;COMPRA;24990;1690
7888;COMPRA;37700;1691
7886;COMPRA;750421;1692
7885;COMPRA;16900;1693
7884;COMPRA;68994;1694
7883;AVANCE;600000;1695
7879;COMPRA;1049792;1696
7877;COMPRA;33317;1697
7871;COMPRA;99678;1698
7869;AVANCE;400000;1699
7868;COMPRA;2741841;1700
7864;AVANCE;800000;1701
7861;AVANCE;270000;1702
7859;COMPRA;28450;1703
7858;COMPRA;79288;1704
7858;COMPRA;62112;1705
7854;COMPRA;50000;1706
7851;COMPRA;19150;1707
7848;COMPRA;179994;1708
7846;AVANCE;300000;1709
7842;COMPRA;168858;1710
7839;COMPRA;145900;1711
7838;COMPRA;56000;1712
7837;COMPRA;27665;1713
7834;COMPRA;281928;1714
7834;AVANCE;700000;1715
7832;COMPRA;36500;1716
7831;COMPRA;100000;1717
7830;COMPRA;2900;1718
7828;AVANCE;600000;1719
7828;AVANCE;200000;1720
7820;COMPRA;412910;1721
7813;COMPRA;27900;1722
7806;COMPRA;3000;1723
7806;COMPRA;111000;1724
7801;COMPRA;55128;1725
7801;COMPRA;34600;1726
7796;COMPRA;1430947;1727
7787;COMPRA;43222;1728
7783;COMPRA;66220;1729
7781;AVANCE;300000;1730
7778;COMPRA;727944;1731
7776;COMPRA;16500;1732
7765;COMPRA;69454;1733
7764;COMPRA;1213690;1734
7761;COMPRA;70000;1735
7758;AVANCE;400000;1736
7758;AVANCE;800000;1737
7748;COMPRA;185590;1738
7748;COMPRA;2696879;1739
7745;COMPRA;244115;1740
7742;COMPRA;111789;1741
7739;COMPRA;679900;1742
7730;COMPRA;2730252;1743
7727;COMPRA;76401;1744
7723;COMPRA;243834;1745
7722;COMPRA;1599200;1746
7722;COMPRA;206947;1747
7720;COMPRA;113000;1748
7719;COMPRA;254119;1749
7717;COMPRA;1600000;1750
7714;AVANCE;100000;1751
7713;AVANCE;600000;1752
7705;COMPRA;139993;1753
7704;COMPRA;190500;1754
7695;COMPRA;75000;1755
7693;COMPRA;300000;1756
7690;COMPRA;507600;1757
7685;COMPRA;23900;1758
7684;COMPRA;148250;1759
7681;COMPRA;44900;1760
7681;COMPRA;289105;1761
7679;COMPRA;3145500;1762
7675;COMPRA;218175;1763
7674;AVANCE;300000;1764
7674;AVANCE;580000;1765
7673;COMPRA;484050;1766
7672;COMPRA;28025;1767
7671;AVANCE;700000;1768
7667;AVANCE;800000;1769
7664;COMPRA;364800;1770
7658;AVANCE;600000;1771
7652;COMPRA;136982;1772
7645;AVANCE;400000;1773
7633;COMPRA;33700;1774
7632;COMPRA;197060;1775
7627;AVANCE;500000;1776
7626;AVANCE;600000;1777
7625;AVANCE;800000;1778
7622;COMPRA;169040;1779
7622;COMPRA;155448;1780
7607;COMPRA;61572;1781
7603;COMPRA;450982;1782
7597;COMPRA;50830;1783
7597;AVANCE;800000;1784
7594;COMPRA;823500;1785
7593;COMPRA;250000;1786
7592;COMPRA;20856;1787
7592;COMPRA;507000;1788
7590;COMPRA;123686;1789
7583;COMPRA;128520;1790
7582;COMPRA;44420;1791
7581;COMPRA;143200;1792
7572;AVANCE;50000;1793
7562;COMPRA;31562;1794
7559;COMPRA;453520;1795
7556;COMPRA;59900;1796
7555;COMPRA;67950;1797
7544;COMPRA;1831000;1798
7544;COMPRA;34278;1799
7541;COMPRA;32800;1800
7537;COMPRA;66850;1801
7536;AVANCE;800000;1802
7529;COMPRA;799995;1803
7529;COMPRA;66810;1804
7521;COMPRA;190500;1805
7521;COMPRA;192600;1806
7520;COMPRA;21900;1807
7516;COMPRA;2380102;1808
7513;COMPRA;67900;1809
7513;COMPRA;276640;1810
7501;COMPRA;35380;1811
7496;COMPRA;18040;1812
7484;COMPRA;287900;1813
7484;COMPRA;279805;1814
7482;COMPRA;14120;1815
7481;AVANCE;600000;1816
7478;COMPRA;163000;1817
7472;AVANCE;800000;1818
7458;COMPRA;86960;1819
7454;COMPRA;561458;1820
7454;COMPRA;82440;1821
7454;COMPRA;89900;1822
7452;COMPRA;32114;1823
7448;COMPRA;90177;1824
7445;COMPRA;386550;1825
7444;COMPRA;497376;1826
7442;COMPRA;193500;1827
7440;COMPRA;95903;1828
7436;COMPRA;3500;1829
7435;COMPRA;7724;1830
7431;COMPRA;1374799;1831
7429;COMPRA;100342;1832
7420;COMPRA;20930;1833
7413;COMPRA;8500;1834
7407;COMPRA;6500;1835
7402;AVANCE;800000;1836
7395;COMPRA;58541;1837
7389;COMPRA;20800;1838
7386;COMPRA;81400;1839
7385;COMPRA;2599900;1840
7382;COMPRA;151184;1841
7381;AVANCE;800000;1842
7376;COMPRA;31328;1843
7368;COMPRA;14485;1844
7366;COMPRA;118242;1845
7365;COMPRA;60000;1846
7358;COMPRA;16100;1847
7355;AVANCE;800000;1848
7355;COMPRA;80000;1849
7350;COMPRA;36978;1850
7349;COMPRA;60038;1851
7347;AVANCE;600000;1852
7346;COMPRA;63000;1853
7341;AVANCE;741000;1854
7336;AVANCE;600000;1855
7332;COMPRA;1360990;1856
7330;COMPRA;47020;1857
7328;COMPRA;80350;1858
7328;COMPRA;127963;1859
7320;COMPRA;325776;1860
7317;AVANCE;800000;1861
7307;COMPRA;839496;1862
7307;COMPRA;98829;1863
7304;COMPRA;73600;1864
7300;COMPRA;483950;1865
7297;AVANCE;800000;1866
7285;AVANCE;800000;1867
7284;COMPRA;93280;1868
7282;COMPRA;1904900;1869
7281;COMPRA;39502;1870
7279;COMPRA;472502;1871
7277;COMPRA;559900;1872
7269;COMPRA;24990;1873
7266;COMPRA;1077993;1874
7258;COMPRA;1851900;1875
7257;AVANCE;76000;1876
7248;COMPRA;128900;1877
7246;COMPRA;380380;1878
7244;COMPRA;61100;1879
7243;COMPRA;326000;1880
7241;COMPRA;389270;1881
7239;AVANCE;400000;1882
7235;COMPRA;61500;1883
7228;AVANCE;400000;1884
7225;COMPRA;372000;1885
7222;COMPRA;214130;1886
7218;AVANCE;800000;1887
7217;COMPRA;359220;1888
7214;AVANCE;240000;1889
7213;COMPRA;118782;1890
7212;COMPRA;35051;1891
7211;COMPRA;77286;1892
7206;COMPRA;12423;1893
7201;COMPRA;218314;1894
7201;COMPRA;159000;1895
7199;AVANCE;230000;1896
7198;COMPRA;705700;1897
7195;COMPRA;426240;1898
7194;COMPRA;181095;1899
7189;AVANCE;800000;1900
7184;COMPRA;171270;1901
7180;COMPRA;699855;1902
7179;COMPRA;142155;1903
7178;AVANCE;300000;1904
7161;COMPRA;494910;1905
7160;COMPRA;40002;1906
7158;AVANCE;400000;1907
7156;COMPRA;160867;1908
7151;AVANCE;600000;1909
7151;COMPRA;65522;1910
7146;AVANCE;400000;1911
7144;AVANCE;300000;1912
7144;COMPRA;1650100;1913
7131;AVANCE;800000;1914
7129;COMPRA;1709829;1915
7125;AVANCE;300000;1916
7123;AVANCE;500000;1917
7121;AVANCE;800000;1918
7120;COMPRA;4296561;1919
7118;COMPRA;229900;1920
7117;COMPRA;11900;1921
7117;COMPRA;208238;1922
7114;COMPRA;19900;1923
7113;COMPRA;51043;1924
7109;COMPRA;156092;1925
7094;AVANCE;100000;1926
7093;COMPRA;176194;1927
7079;AVANCE;600000;1928
7076;COMPRA;67034;1929
7065;COMPRA;1640000;1930
7061;AVANCE;300000;1931
7056;COMPRA;1145900;1932
7048;COMPRA;250359;1933
7046;COMPRA;519486;1934
7046;COMPRA;411407;1935
7044;COMPRA;39990;1936
7042;COMPRA;84721;1937
7042;AVANCE;700000;1938
7039;COMPRA;1293675;1939
7036;COMPRA;240000;1940
7036;COMPRA;859;1941
7034;AVANCE;600000;1942
7031;COMPRA;22600;1943
7030;COMPRA;86400;1944
7027;COMPRA;32900;1945
7026;COMPRA;16600;1946
7024;COMPRA;517926;1947
7024;COMPRA;9917;1948
7013;COMPRA;2800;1949
7012;COMPRA;770000;1950
7003;AVANCE;600000;1951
7003;COMPRA;51000;1952
6998;COMPRA;294672;1953
6998;COMPRA;64191;1954
6991;COMPRA;24900;1955
6988;COMPRA;319900;1956
6988;COMPRA;1000;1957
6982;AVANCE;50000;1958
6981;COMPRA;28147;1959
6979;COMPRA;88060;1960
6977;COMPRA;604000;1961
6972;COMPRA;30000;1962
6972;COMPRA;111713;1963
6969;COMPRA;349871;1964
6966;COMPRA;660191;1965
6965;COMPRA;171800;1966
6959;COMPRA;688947;1967
6957;COMPRA;89000;1968
6956;COMPRA;1430947;1969
6953;COMPRA;140480;1970
6951;COMPRA;21800;1971
6951;COMPRA;1075194;1972
6945;COMPRA;729270;1973
6945;COMPRA;174245;1974
6932;COMPRA;37427;1975
6928;COMPRA;39000;1976
6927;COMPRA;335600;1977
6923;AVANCE;500000;1978
6923;COMPRA;18400;1979
6920;COMPRA;774900;1980
6920;COMPRA;639900;1981
6918;COMPRA;1023544;1982
6915;COMPRA;79220;1983
6913;COMPRA;1371971;1984
6906;COMPRA;52927;1985
6902;COMPRA;78000;1986
6894;AVANCE;289000;1987
6890;COMPRA;30450;1988
6886;COMPRA;282506;1989
6881;COMPRA;554185;1990
6879;COMPRA;9200;1991
6876;COMPRA;154800;1992
6875;COMPRA;36500;1993
6871;COMPRA;1727700;1994
6870;COMPRA;26400;1995
6869;COMPRA;3495240;1996
6867;COMPRA;97810;1997
6865;COMPRA;12900;1998
6862;AVANCE;20000;1999
6861;COMPRA;238260;2000
6858;COMPRA;143800;2001
6857;COMPRA;234966;2002
6854;COMPRA;24990;2003
6852;COMPRA;630427;2004
6849;COMPRA;273587;2005
6847;COMPRA;509700;2006
6847;COMPRA;49890;2007
6843;COMPRA;33500;2008
6838;COMPRA;21301;2009
6836;COMPRA;18550;2010
6829;COMPRA;30000;2011
6828;COMPRA;11675;2012
6827;COMPRA;59107;2013
6826;COMPRA;159920;2014
6825;AVANCE;200000;2015
6821;COMPRA;35536;2016
6817;COMPRA;89900;2017
6815;COMPRA;32980;2018
6810;COMPRA;618746;2019
6810;COMPRA;53210;2020
6809;COMPRA;28000;2021
6808;AVANCE;240000;2022
6806;COMPRA;765411;2023
6805;COMPRA;900900;2024
6803;COMPRA;43500;2025
6801;COMPRA;215438;2026
6800;COMPRA;140340;2027
6799;COMPRA;49900;2028
6793;AVANCE;300000;2029
6791;COMPRA;3958300;2030
6790;COMPRA;40800;2031
6788;AVANCE;500000;2032
6782;COMPRA;785600;2033
6778;COMPRA;2578843;2034
6778;AVANCE;250000;2035
6772;AVANCE;42000;2036
6771;COMPRA;95192;2037
6764;COMPRA;172277;2038
6757;AVANCE;600000;2039
6755;COMPRA;181910;2040
6749;AVANCE;800000;2041
6748;AVANCE;800000;2042
6741;COMPRA;129900;2043
6738;COMPRA;43480;2044
6738;AVANCE;800000;2045
6736;COMPRA;108000;2046
6735;COMPRA;949900;2047
6732;AVANCE;800000;2048
6726;COMPRA;140000;2049
6726;AVANCE;300000;2050
6723;COMPRA;457907;2051
6718;COMPRA;500000;2052
6715;COMPRA;27950;2053
6710;COMPRA;123730;2054
6699;COMPRA;87039;2055
6697;COMPRA;267915;2056
6695;COMPRA;8900;2057
6691;AVANCE;550000;2058
6690;COMPRA;150000;2059
6690;AVANCE;800000;2060
6689;COMPRA;121003;2061
6688;AVANCE;800000;2062
6688;COMPRA;499900;2063
6687;COMPRA;69520;2064
6685;COMPRA;85475;2065
6684;COMPRA;475938;2066
6683;COMPRA;95122;2067
6680;COMPRA;272562;2068
6677;COMPRA;40000;2069
6674;COMPRA;50935;2070
6674;COMPRA;459766;2071
6668;COMPRA;14900;2072
6667;COMPRA;280000;2073
6666;COMPRA;1480278;2074
6662;COMPRA;7520;2075
6657;COMPRA;84995;2076
6657;COMPRA;23900;2077
6642;COMPRA;296070;2078
6641;AVANCE;90000;2079
6640;COMPRA;154929;2080
6640;COMPRA;100000;2081
6638;AVANCE;800000;2082
6636;AVANCE;100000;2083
6634;COMPRA;227800;2084
6633;AVANCE;600000;2085
6630;COMPRA;2414160;2086
6630;COMPRA;434430;2087
6621;COMPRA;178483;2088
6617;COMPRA;167930;2089
6614;COMPRA;1539833;2090
6612;COMPRA;11535;2091
6612;AVANCE;10000;2092
6610;COMPRA;556096;2093
6609;COMPRA;6500;2094
6605;AVANCE;600000;2095
6595;COMPRA;1650000;2096
6586;COMPRA;239195;2097
6586;AVANCE;800000;2098
6583;COMPRA;54018;2099
6576;COMPRA;5000;2100
6576;COMPRA;51640;2101
6575;AVANCE;330000;2102
6567;COMPRA;200000;2103
6563;COMPRA;60620;2104
6560;COMPRA;1187609;2105
6559;COMPRA;124360;2106
6556;AVANCE;800000;2107
6554;AVANCE;800000;2108
6550;AVANCE;600000;2109
6549;COMPRA;48261;2110
6548;COMPRA;19540;2111
6534;COMPRA;10000;2112
6533;COMPRA;10414;2113
6530;COMPRA;124724;2114
6529;COMPRA;31139;2115
6526;AVANCE;800000;2116
6526;AVANCE;100000;2117
6523;COMPRA;51000;2118
6519;AVANCE;200000;2119
6518;AVANCE;300000;2120
6518;COMPRA;10680;2121
6513;COMPRA;49900;2122
6512;COMPRA;82900;2123
6509;COMPRA;797654;2124
6508;COMPRA;200610;2125
6497;AVANCE;200000;2126
6495;COMPRA;167638;2127
6493;COMPRA;22500;2128
6493;AVANCE;300000;2129
6484;COMPRA;451818;2130
6483;AVANCE;200000;2131
6483;COMPRA;3000000;2132
6482;COMPRA;3425985;2133
6482;AVANCE;900000;2134
6481;COMPRA;73663;2135
6474;AVANCE;720000;2136
6473;COMPRA;44000;2137
6473;COMPRA;49100;2138
6473;COMPRA;324315;2139
6468;COMPRA;140;2140
6466;AVANCE;600000;2141
6464;COMPRA;119000;2142
6462;COMPRA;193296;2143
6456;COMPRA;126060;2144
6456;AVANCE;400000;2145
6452;COMPRA;1799900;2146
6448;COMPRA;56000;2147
6444;COMPRA;62600;2148
6441;COMPRA;69900;2149
6437;AVANCE;450000;2150
6431;COMPRA;41108;2151
6427;AVANCE;300000;2152
6421;AVANCE;100000;2153
6415;COMPRA;188982;2154
6410;AVANCE;60000;2155
6410;COMPRA;672011;2156
6407;COMPRA;99205;2157
6406;COMPRA;183420;2158
6405;COMPRA;32040;2159
6404;AVANCE;100000;2160
6400;COMPRA;412575;2161
6398;COMPRA;305680;2162
6396;COMPRA;970705;2163
6395;COMPRA;148400;2164
6395;AVANCE;600000;2165
6393;COMPRA;199150;2166
6393;COMPRA;245426;2167
6389;COMPRA;33090;2168
6388;COMPRA;210537;2169
6385;COMPRA;42100;2170
6384;COMPRA;50000;2171
6380;COMPRA;163889;2172
6378;COMPRA;483950;2173
6377;COMPRA;32900;2174
6369;COMPRA;312910;2175
6369;COMPRA;396144;2176
6358;AVANCE;20000;2177
6357;COMPRA;713559;2178
6351;COMPRA;281922;2179
6351;COMPRA;66549;2180
6345;COMPRA;164600;2181
6340;COMPRA;419471;2182
6333;AVANCE;400000;2183
6332;COMPRA;45064;2184
6331;COMPRA;80180;2185
6331;COMPRA;47000;2186
6331;COMPRA;131383;2187
6330;COMPRA;424000;2188
6322;COMPRA;95009;2189
6322;COMPRA;124349;2190
6321;COMPRA;137000;2191
6321;COMPRA;38900;2192
6316;COMPRA;70000;2193
6312;COMPRA;797900;2194
6309;COMPRA;182761;2195
6301;COMPRA;151992;2196
6294;COMPRA;193850;2197
6293;COMPRA;157144;2198
6291;COMPRA;71800;2199
6288;COMPRA;856840;2200
6287;AVANCE;800000;2201
6286;AVANCE;100000;2202
6285;COMPRA;22800;2203
6283;COMPRA;276172;2204
6282;COMPRA;30947;2205
6280;COMPRA;86729;2206
6279;COMPRA;651283;2207
6277;COMPRA;50614;2208
6276;COMPRA;189200;2209
6276;COMPRA;95000;2210
6276;COMPRA;139883;2211
6276;AVANCE;800000;2212
6273;COMPRA;129557;2213
6269;COMPRA;167309;2214
6266;COMPRA;141240;2215
6256;AVANCE;800000;2216
6254;COMPRA;39150;2217
6247;COMPRA;181970;2218
6247;COMPRA;366860;2219
6235;COMPRA;362426;2220
6229;AVANCE;800000;2221
6223;COMPRA;399500;2222
6220;AVANCE;800000;2223
6215;AVANCE;800000;2224
6214;COMPRA;110000;2225
6210;COMPRA;14900;2226
6207;COMPRA;104663;2227
6207;COMPRA;73000;2228
6203;COMPRA;126528;2229
6201;AVANCE;200000;2230
6197;COMPRA;172618;2231
6193;COMPRA;93632;2232
6191;COMPRA;33300;2233
6190;COMPRA;178460;2234
6188;COMPRA;1212981;2235
6182;COMPRA;47930;2236
6178;AVANCE;200000;2237
6167;COMPRA;21220;2238
6166;COMPRA;158850;2239
6161;COMPRA;129900;2240
6160;AVANCE;150000;2241
6160;COMPRA;2299000;2242
6152;AVANCE;400000;2243
6150;COMPRA;75000;2244
6147;COMPRA;537133;2245
6144;AVANCE;100000;2246
6143;COMPRA;44900;2247
6141;AVANCE;300000;2248
6141;COMPRA;55744;2249
6139;COMPRA;41930;2250
6139;COMPRA;1187609;2251
6137;COMPRA;182021;2252
6135;AVANCE;800000;2253
6133;COMPRA;2199410;2254
6132;COMPRA;161568;2255
6129;AVANCE;300000;2256
6126;COMPRA;127240;2257
6120;COMPRA;10500;2258
6118;COMPRA;21000;2259
6118;COMPRA;350000;2260
6117;AVANCE;350000;2261
6113;COMPRA;27381;2262
6112;COMPRA;22900;2263
6110;COMPRA;428830;2264
6110;AVANCE;400000;2265
6108;COMPRA;57800;2266
6096;AVANCE;50000;2267
6089;COMPRA;154324;2268
6088;COMPRA;57314;2269
6083;COMPRA;40838;2270
6076;COMPRA;59950;2271
6074;COMPRA;24900;2272
6072;COMPRA;309273;2273
6071;COMPRA;105380;2274
6071;COMPRA;25861;2275
6066;COMPRA;102940;2276
6063;AVANCE;800000;2277
6059;COMPRA;6100;2278
6058;COMPRA;233904;2279
6057;COMPRA;58672;2280
6055;COMPRA;167600;2281
6055;COMPRA;703304;2282
6054;AVANCE;200000;2283
6049;COMPRA;291860;2284
6046;COMPRA;9850;2285
6046;COMPRA;186150;2286
6041;COMPRA;1998970;2287
6037;COMPRA;419760;2288
6027;AVANCE;500000;2289
6025;COMPRA;929900;2290
6022;AVANCE;200000;2291
6022;COMPRA;168100;2292
6018;COMPRA;480599;2293
6017;COMPRA;140000;2294
6014;COMPRA;110490;2295
6014;AVANCE;300000;2296
6012;COMPRA;40500;2297
6005;AVANCE;100000;2298
6004;COMPRA;40000;2299
5998;COMPRA;444535;2300
5994;COMPRA;21530;2301
5994;COMPRA;19800;2302
5994;COMPRA;92015;2303
5974;COMPRA;79385;2304
5974;COMPRA;8669;2305
5973;AVANCE;425000;2306
5971;COMPRA;167870;2307
5966;COMPRA;93600;2308
5956;COMPRA;854940;2309
5952;COMPRA;54900;2310
5950;COMPRA;195683;2311
5949;AVANCE;800000;2312
5948;COMPRA;83820;2313
5943;COMPRA;42570;2314
5939;COMPRA;45493;2315
5938;COMPRA;366473;2316
5938;COMPRA;106194;2317
5935;COMPRA;124070;2318
5932;COMPRA;82571;2319
5929;AVANCE;370000;2320
5928;COMPRA;700000;2321
5915;COMPRA;2949500;2322
5915;COMPRA;665550;2323
5914;AVANCE;800000;2324
5909;AVANCE;200000;2325
5906;COMPRA;26000;2326
5904;COMPRA;56041;2327
5901;AVANCE;400000;2328
5894;COMPRA;306318;2329
5891;COMPRA;476400;2330
5887;COMPRA;40412;2331
5886;COMPRA;156275;2332
5879;COMPRA;24900;2333
5873;COMPRA;115118;2334
5871;AVANCE;150000;2335
5863;COMPRA;1100000;2336
5855;AVANCE;500000;2337
5855;COMPRA;551494;2338
5855;COMPRA;111480;2339
5854;AVANCE;200000;2340
5852;COMPRA;112740;2341
5851;COMPRA;446153;2342
5851;COMPRA;327964;2343
5849;COMPRA;28700;2344
5849;COMPRA;35800;2345
5848;COMPRA;2800;2346
5848;AVANCE;800000;2347
5846;COMPRA;70900;2348
5841;COMPRA;97550;2349
5841;COMPRA;1749900;2350
5839;COMPRA;325131;2351
5834;COMPRA;107148;2352
5834;COMPRA;153920;2353
5833;COMPRA;2479950;2354
5833;AVANCE;800000;2355
5830;COMPRA;3369565;2356
5830;COMPRA;135730;2357
5828;AVANCE;700000;2358
5828;AVANCE;400000;2359
5827;COMPRA;17150;2360
5818;COMPRA;56300;2361
5814;AVANCE;800000;2362
5811;COMPRA;30950;2363
5810;AVANCE;600000;2364
5806;COMPRA;1128122;2365
5805;COMPRA;14540;2366
5802;COMPRA;36675;2367
5801;COMPRA;304169;2368
5796;COMPRA;570000;2369
5794;COMPRA;50000;2370
5794;AVANCE;300000;2371
5787;COMPRA;207469;2372
5787;COMPRA;16900;2373
5786;COMPRA;83895;2374
5782;AVANCE;400000;2375
5778;COMPRA;108305;2376
5777;AVANCE;700000;2377
5775;COMPRA;110218;2378
5774;COMPRA;727944;2379
5770;COMPRA;163600;2380
5762;AVANCE;100000;2381
5761;COMPRA;30000;2382
5761;COMPRA;86622;2383
5760;COMPRA;180000;2384
5759;COMPRA;901502;2385
5756;AVANCE;497000;2386
5756;COMPRA;112150;2387
5751;COMPRA;791897;2388
5745;COMPRA;36000;2389
5739;AVANCE;800000;2390
5738;COMPRA;1000000;2391
5737;COMPRA;107400;2392
5734;COMPRA;330000;2393
5731;COMPRA;1063000;2394
5730;COMPRA;165337;2395
5726;COMPRA;174953;2396
5726;COMPRA;38700;2397
5723;COMPRA;117402;2398
5723;COMPRA;300000;2399
5718;AVANCE;800000;2400
5715;AVANCE;60000;2401
5714;COMPRA;37000;2402
5710;COMPRA;840256;2403
5709;COMPRA;171162;2404
5705;COMPRA;48450;2405
5696;COMPRA;10309;2406
5696;COMPRA;3000000;2407
5695;COMPRA;1000;2408
5685;COMPRA;7952039;2409
5684;COMPRA;150449;2410
5683;AVANCE;800000;2411
5680;AVANCE;700000;2412
5672;COMPRA;128377;2413
5669;COMPRA;483950;2414
5669;COMPRA;70600;2415
5669;COMPRA;19745;2416
5665;COMPRA;67850;2417
5664;COMPRA;464146;2418
5663;AVANCE;400000;2419
5652;COMPRA;70000;2420
5648;AVANCE;300000;2421
5648;AVANCE;150000;2422
5646;COMPRA;800000;2423
5646;COMPRA;160019;2424
5644;COMPRA;190000;2425
5638;COMPRA;110000;2426
5628;AVANCE;400000;2427
5625;COMPRA;300623;2428
5623;COMPRA;33340;2429
5623;AVANCE;800000;2430
5620;AVANCE;200000;2431
5606;COMPRA;729900;2432
5606;AVANCE;800000;2433
5605;COMPRA;70000;2434
5603;AVANCE;150000;2435
5603;COMPRA;843514;2436
5601;COMPRA;779522;2437
5595;AVANCE;50000;2438
5590;COMPRA;32900;2439
5584;COMPRA;7188000;2440
5576;AVANCE;800000;2441
5575;COMPRA;313461;2442
5572;AVANCE;800000;2443
5569;COMPRA;88177;2444
5565;COMPRA;126390;2445
5564;COMPRA;48600;2446
5563;COMPRA;71020;2447
5562;COMPRA;50000;2448
5562;COMPRA;553905;2449
5562;COMPRA;1869945;2450
5555;AVANCE;600000;2451
5554;COMPRA;453816;2452
5547;AVANCE;400000;2453
5546;COMPRA;50000;2454
5543;COMPRA;20000;2455
5538;AVANCE;800000;2456
5533;COMPRA;97980;2457
5530;AVANCE;800000;2458
5529;COMPRA;23491;2459
5528;AVANCE;650000;2460
5523;AVANCE;400000;2461
5523;COMPRA;230465;2462
5519;COMPRA;136679;2463
5514;COMPRA;599520;2464
5511;AVANCE;300000;2465
5504;AVANCE;400000;2466
5497;COMPRA;563672;2467
5496;COMPRA;161371;2468
5492;AVANCE;100000;2469
5489;AVANCE;50000;2470
5489;COMPRA;29900;2471
5484;COMPRA;29899;2472
5483;COMPRA;2348384;2473
5479;COMPRA;2149900;2474
5479;AVANCE;300000;2475
5469;AVANCE;800000;2476
5466;COMPRA;594915;2477
5465;COMPRA;483950;2478
5464;COMPRA;384550;2479
5456;COMPRA;26900;2480
5456;COMPRA;77000;2481
5454;COMPRA;243890;2482
5451;COMPRA;102620;2483
5449;COMPRA;29700;2484
5446;COMPRA;582453;2485
5444;COMPRA;37691;2486
5434;COMPRA;30820;2487
5430;COMPRA;858850;2488
5428;COMPRA;105900;2489
5422;COMPRA;312570;2490
5419;COMPRA;166950;2491
5416;COMPRA;115775;2492
5415;COMPRA;192079;2493
5413;COMPRA;373900;2494
5412;AVANCE;600000;2495
5411;AVANCE;400000;2496
5404;COMPRA;186900;2497
5404;COMPRA;379900;2498
5403;COMPRA;1599900;2499
5396;COMPRA;45039;2500
5388;COMPRA;387381;2501
5387;COMPRA;1108734;2502
5385;COMPRA;154890;2503
5383;COMPRA;551930;2504
5380;AVANCE;200000;2505
5377;COMPRA;141210;2506
5377;COMPRA;131000;2507
5375;COMPRA;130891;2508
5371;COMPRA;83500;2509
5367;AVANCE;300000;2510
5366;AVANCE;200000;2511
5366;COMPRA;16200;2512
5356;COMPRA;2049800;2513
5353;COMPRA;41280;2514
5351;COMPRA;37740;2515
5346;COMPRA;624950;2516
5346;COMPRA;3433500;2517
5338;COMPRA;2891591;2518
5334;COMPRA;170000;2519
5326;COMPRA;443323;2520
5323;COMPRA;366317;2521
5318;COMPRA;849835;2522
5317;COMPRA;729600;2523
5311;COMPRA;53680;2524
5309;COMPRA;215900;2525
5308;COMPRA;188854;2526
5308;COMPRA;75000;2527
5306;AVANCE;400000;2528
5305;AVANCE;500000;2529
5305;COMPRA;754200;2530
5304;COMPRA;98450;2531
5301;COMPRA;98000;2532
5291;AVANCE;800000;2533
5287;COMPRA;50000;2534
5282;COMPRA;55000;2535
5280;COMPRA;60000;2536
5278;COMPRA;113935;2537
5275;COMPRA;49100;2538
5274;COMPRA;701100;2539
5273;AVANCE;150000;2540
5273;COMPRA;117775;2541
5272;AVANCE;800000;2542
5268;AVANCE;150000;2543
5267;AVANCE;700000;2544
5266;COMPRA;48800;2545
5264;COMPRA;25000;2546
5263;COMPRA;299900;2547
5260;COMPRA;33580;2548
5259;COMPRA;36000;2549
5259;AVANCE;160000;2550
5254;COMPRA;197000;2551
5248;COMPRA;232409;2552
5247;AVANCE;400000;2553
5247;COMPRA;110000;2554
5246;AVANCE;600000;2555
5246;COMPRA;123080;2556
5245;COMPRA;27850;2557
5242;AVANCE;300000;2558
5241;COMPRA;102527;2559
5234;AVANCE;100000;2560
5232;COMPRA;183725;2561
5232;COMPRA;101950;2562
5230;AVANCE;600000;2563
5228;AVANCE;600000;2564
5227;COMPRA;25620;2565
5226;COMPRA;114800;2566
5220;COMPRA;63087;2567
5217;COMPRA;28100;2568
5217;COMPRA;915745;2569
5208;COMPRA;65000;2570
5206;COMPRA;135240;2571
5206;COMPRA;2030850;2572
5204;COMPRA;26900;2573
5201;COMPRA;15900;2574
5193;AVANCE;800000;2575
5192;COMPRA;92910;2576
5192;COMPRA;309380;2577
5191;COMPRA;717824;2578
5190;COMPRA;69000;2579
5186;COMPRA;60000;2580
5183;AVANCE;800000;2581
5180;COMPRA;40927;2582
5179;COMPRA;38820;2583
5176;AVANCE;350000;2584
5175;COMPRA;201641;2585
5173;AVANCE;600000;2586
5168;COMPRA;900000;2587
5168;COMPRA;280400;2588
5162;AVANCE;800000;2589
5159;COMPRA;681938;2590
5156;COMPRA;379900;2591
5153;COMPRA;98183;2592
5148;COMPRA;535631;2593
5144;COMPRA;699900;2594
5144;AVANCE;300000;2595
5142;AVANCE;240000;2596
5136;COMPRA;108940;2597
5136;COMPRA;38288;2598
5136;COMPRA;800000;2599
5134;COMPRA;1059900;2600
5134;AVANCE;600000;2601
5133;COMPRA;369900;2602
5133;AVANCE;800000;2603
5125;AVANCE;80000;2604
5124;COMPRA;64280;2605
5123;COMPRA;299800;2606
5119;COMPRA;271240;2607
5119;COMPRA;124960;2608
5116;COMPRA;171159;2609
5114;COMPRA;40700;2610
5113;COMPRA;288900;2611
5113;COMPRA;156000;2612
5112;COMPRA;424991;2613
5109;COMPRA;6350;2614
5106;COMPRA;50000;2615
5105;COMPRA;19900;2616
5103;AVANCE;100000;2617
5101;COMPRA;558957;2618
5101;AVANCE;800000;2619
5100;COMPRA;18384;2620
5093;COMPRA;1231000;2621
5089;COMPRA;306269;2622
5087;COMPRA;52201;2623
5087;COMPRA;29350;2624
5084;COMPRA;4440;2625
5083;COMPRA;46000;2626
5083;COMPRA;550000;2627
5077;COMPRA;1067980;2628
5073;COMPRA;119850;2629
5071;COMPRA;47700;2630
5070;AVANCE;250000;2631
5069;AVANCE;400000;2632
5056;COMPRA;55088;2633
5040;COMPRA;43494;2634
5035;COMPRA;570904;2635
5031;AVANCE;500000;2636
5029;COMPRA;55210;2637
5028;COMPRA;71221;2638
5025;COMPRA;113750;2639
5021;COMPRA;138300;2640
5018;COMPRA;270279;2641
5018;AVANCE;800000;2642
5017;COMPRA;99218;2643
5016;COMPRA;329103;2644
5013;AVANCE;330000;2645
5012;COMPRA;497850;2646
5012;AVANCE;120000;2647
5009;COMPRA;242700;2648
5008;COMPRA;140800;2649
5006;AVANCE;300000;2650
5000;COMPRA;120083;2651
5000;COMPRA;90010;2652
5000;COMPRA;5500;2653
4999;COMPRA;61400;2654
4992;COMPRA;177485;2655
4989;COMPRA;769900;2656
4985;COMPRA;227430;2657
4983;AVANCE;350000;2658
4980;COMPRA;48860;2659
4977;COMPRA;294968;2660
4974;COMPRA;646140;2661
4972;COMPRA;100000;2662
4971;COMPRA;77990;2663
4968;COMPRA;227685;2664
4967;COMPRA;91880;2665
4966;COMPRA;50000;2666
4965;COMPRA;85000;2667
4957;AVANCE;150000;2668
4957;COMPRA;1223966;2669
4956;COMPRA;757600;2670
4956;COMPRA;15000;2671
4955;COMPRA;49452;2672
4954;COMPRA;175750;2673
4953;COMPRA;1979000;2674
4952;COMPRA;759600;2675
4952;COMPRA;50364;2676
4950;COMPRA;692937;2677
4949;COMPRA;323673;2678
4949;COMPRA;47670;2679
4935;COMPRA;167000;2680
4932;AVANCE;800000;2681
4932;COMPRA;122350;2682
4925;COMPRA;4663947;2683
4925;COMPRA;400752;2684
4921;COMPRA;32180;2685
4917;COMPRA;594880;2686
4913;COMPRA;96877;2687
4909;COMPRA;136500;2688
4908;COMPRA;50870;2689
4906;AVANCE;150000;2690
4904;COMPRA;43051;2691
4901;AVANCE;800000;2692
4894;COMPRA;131400;2693
4893;COMPRA;45600;2694
4889;COMPRA;958498;2695
4885;COMPRA;433707;2696
4884;COMPRA;440000;2697
4883;COMPRA;109160;2698
4883;COMPRA;100000;2699
4882;COMPRA;31700;2700
4874;COMPRA;76186;2701
4868;COMPRA;10589;2702
4867;COMPRA;1148305;2703
4864;COMPRA;19900;2704
4858;COMPRA;122400;2705
4855;COMPRA;27900;2706
4854;COMPRA;450700;2707
4854;COMPRA;109900;2708
4853;AVANCE;700000;2709
4851;COMPRA;69900;2710
4849;COMPRA;110000;2711
4846;COMPRA;87780;2712
4843;COMPRA;60990;2713
4843;COMPRA;10000;2714
4843;COMPRA;38300;2715
4835;COMPRA;27140;2716
4832;AVANCE;800000;2717
4825;COMPRA;149995;2718
4823;AVANCE;200000;2719
4819;COMPRA;244874;2720
4818;COMPRA;146521;2721
4818;COMPRA;259900;2722
4818;COMPRA;158323;2723
4816;COMPRA;960000;2724
4808;COMPRA;140997;2725
4803;AVANCE;250000;2726
4795;COMPRA;1208000;2727
4792;COMPRA;69913;2728
4792;COMPRA;87780;2729
4787;COMPRA;38802;2730
4783;COMPRA;392820;2731
4780;AVANCE;600000;2732
4772;COMPRA;79890;2733
4766;COMPRA;31622;2734
4753;COMPRA;534000;2735
4752;COMPRA;139900;2736
4751;COMPRA;100000;2737
4749;COMPRA;54200;2738
4746;COMPRA;1300000;2739
4746;COMPRA;278650;2740
4742;COMPRA;71379;2741
4742;AVANCE;300000;2742
4741;AVANCE;100000;2743
4741;AVANCE;100000;2744
4739;COMPRA;63400;2745
4733;COMPRA;67177;2746
4733;AVANCE;800000;2747
4731;COMPRA;62067;2748
4730;COMPRA;142893;2749
4727;COMPRA;87630;2750
4726;COMPRA;93602;2751
4719;AVANCE;400000;2752
4718;COMPRA;240400;2753
4714;AVANCE;550000;2754
4713;COMPRA;141418;2755
4712;AVANCE;600000;2756
4711;COMPRA;77942;2757
4710;COMPRA;300000;2758
4710;AVANCE;100000;2759
4701;COMPRA;246388;2760
4699;COMPRA;892476;2761
4692;COMPRA;34900;2762
4690;COMPRA;50000;2763
4685;COMPRA;29100;2764
4682;COMPRA;165929;2765
4678;COMPRA;199900;2766
4677;COMPRA;70930;2767
4676;AVANCE;600000;2768
4671;COMPRA;3000000;2769
4669;AVANCE;100000;2770
4667;COMPRA;75742;2771
4663;COMPRA;410230;2772
4663;COMPRA;143430;2773
4660;COMPRA;569900;2774
4660;COMPRA;80000;2775
4660;AVANCE;600000;2776
4659;COMPRA;573824;2777
4659;COMPRA;71540;2778
4659;COMPRA;500330;2779
4653;COMPRA;150000;2780
4650;COMPRA;259000;2781
4649;AVANCE;200000;2782
4647;COMPRA;39780;2783
4647;COMPRA;788405;2784
4644;COMPRA;527204;2785
4638;COMPRA;74356;2786
4637;COMPRA;1000000;2787
4637;COMPRA;300000;2788
4635;AVANCE;70000;2789
4628;COMPRA;156927;2790
4627;AVANCE;800000;2791
4626;COMPRA;9600;2792
4622;COMPRA;51130;2793
4621;COMPRA;65318;2794
4614;COMPRA;135000;2795
4610;AVANCE;800000;2796
4607;COMPRA;109210;2797
4603;COMPRA;154240;2798
4601;COMPRA;38900;2799
4600;COMPRA;374925;2800
4599;COMPRA;177579;2801
4598;COMPRA;115668;2802
4598;COMPRA;209020;2803
4597;COMPRA;560267;2804
4592;COMPRA;1114402;2805
4588;AVANCE;600000;2806
4584;AVANCE;400000;2807
4583;AVANCE;300000;2808
4582;COMPRA;98100;2809
4582;AVANCE;800000;2810
4581;COMPRA;1199250;2811
4577;AVANCE;500000;2812
4571;AVANCE;600000;2813
4563;COMPRA;77700;2814
4561;COMPRA;243580;2815
4560;COMPRA;183555;2816
4560;COMPRA;711140;2817
4553;AVANCE;800000;2818
4550;COMPRA;349650;2819
4547;AVANCE;140000;2820
4545;COMPRA;799900;2821
4541;COMPRA;23900;2822
4536;COMPRA;406890;2823
4535;COMPRA;130800;2824
4535;COMPRA;1792198;2825
4535;COMPRA;125330;2826
4513;AVANCE;300000;2827
4513;AVANCE;100000;2828
4511;COMPRA;414000;2829
4509;COMPRA;111750;2830
4508;COMPRA;50000;2831
4505;AVANCE;400000;2832
4503;COMPRA;358146;2833
4503;COMPRA;116125;2834
4502;COMPRA;82000;2835
4501;COMPRA;975939;2836
4500;COMPRA;11280;2837
4491;COMPRA;90059;2838
4489;COMPRA;209890;2839
4486;COMPRA;55602;2840
4484;COMPRA;223000;2841
4483;COMPRA;124773;2842
4483;COMPRA;92436;2843
4482;COMPRA;57020;2844
4477;COMPRA;98700;2845
4476;COMPRA;54301;2846
4476;AVANCE;400000;2847
4471;COMPRA;51100;2848
4470;COMPRA;26900;2849
4466;COMPRA;1796235;2850
4460;COMPRA;78511;2851
4459;COMPRA;1783900;2852
4458;COMPRA;190107;2853
4458;AVANCE;400000;2854
4457;COMPRA;160280;2855
4457;COMPRA;389900;2856
4448;COMPRA;1713407;2857
4444;AVANCE;200000;2858
4439;COMPRA;399306;2859
4438;COMPRA;19003;2860
4437;COMPRA;88011;2861
4437;AVANCE;800000;2862
4435;COMPRA;225550;2863
4430;COMPRA;1248132;2864
4430;COMPRA;22946;2865
4430;COMPRA;337336;2866
4424;COMPRA;15500;2867
4421;AVANCE;600000;2868
4415;AVANCE;800000;2869
4411;COMPRA;27540;2870
4403;COMPRA;305919;2871
4399;COMPRA;14600;2872
4396;COMPRA;312219;2873
4395;AVANCE;100000;2874
4391;COMPRA;26900;2875
4388;COMPRA;237910;2876
4386;COMPRA;233131;2877
4386;COMPRA;21150;2878
4385;COMPRA;1376238;2879
4384;COMPRA;14900;2880
4383;COMPRA;77140;2881
4378;AVANCE;300000;2882
4361;AVANCE;200000;2883
4361;COMPRA;226120;2884
4358;COMPRA;97230;2885
4355;COMPRA;475800;2886
4355;COMPRA;350504;2887
4354;COMPRA;245019;2888
4354;COMPRA;49000;2889
4354;COMPRA;123201;2890
4353;COMPRA;24100;2891
4349;AVANCE;700000;2892
4346;COMPRA;74970;2893
4345;COMPRA;74972;2894
4342;AVANCE;100000;2895
4340;AVANCE;800000;2896
4336;AVANCE;100000;2897
4336;COMPRA;53550;2898
4336;COMPRA;248163;2899
4335;COMPRA;47413;2900
4333;AVANCE;300000;2901
4329;COMPRA;778000;2902
4329;COMPRA;120900;2903
4324;AVANCE;200000;2904
4324;AVANCE;200000;2905
4323;AVANCE;500000;2906
4320;COMPRA;75480;2907
4320;AVANCE;100000;2908
4317;COMPRA;25000;2909
4317;COMPRA;1719600;2910
4315;COMPRA;43951;2911
4311;AVANCE;800000;2912
4306;COMPRA;18820;2913
4305;COMPRA;124500;2914
4305;AVANCE;300000;2915
4303;COMPRA;120290;2916
4298;COMPRA;82700;2917
4298;COMPRA;336957;2918
4291;AVANCE;500000;2919
4275;COMPRA;86483;2920
4272;AVANCE;600000;2921
4271;COMPRA;28900;2922
4268;COMPRA;20600;2923
4259;COMPRA;277900;2924
4258;COMPRA;1700000;2925
4255;COMPRA;77550;2926
4249;COMPRA;1046881;2927
4248;COMPRA;194902;2928
4243;COMPRA;3028000;2929
4242;AVANCE;600000;2930
4238;COMPRA;184400;2931
4238;COMPRA;15350;2932
4230;AVANCE;600000;2933
4229;COMPRA;13100;2934
4229;AVANCE;200000;2935
4224;COMPRA;365618;2936
4224;COMPRA;412000;2937
4223;COMPRA;759953;2938
4220;COMPRA;450918;2939
4215;COMPRA;76190;2940
4213;COMPRA;301319;2941
4210;AVANCE;100000;2942
4208;AVANCE;450000;2943
4208;COMPRA;519528;2944
4202;COMPRA;1664964;2945
4200;COMPRA;131800;2946
4198;COMPRA;265980;2947
4195;AVANCE;120000;2948
4193;COMPRA;13100;2949
4190;COMPRA;159408;2950
4182;COMPRA;109409;2951
4181;COMPRA;210718;2952
4179;COMPRA;94900;2953
4177;AVANCE;100000;2954
4170;COMPRA;38275;2955
4170;AVANCE;70000;2956
4165;COMPRA;58016;2957
4163;COMPRA;82740;2958
4162;AVANCE;200000;2959
4162;COMPRA;64870;2960
4160;COMPRA;50000;2961
4159;COMPRA;220290;2962
4157;COMPRA;89800;2963
4156;AVANCE;318000;2964
4151;COMPRA;38383;2965
4149;AVANCE;600000;2966
4149;COMPRA;974333;2967
4148;COMPRA;325133;2968
4148;COMPRA;1549900;2969
4145;COMPRA;743148;2970
4144;COMPRA;4557640;2971
4143;COMPRA;925598;2972
4139;AVANCE;500000;2973
4132;COMPRA;70586;2974
4129;COMPRA;174995;2975
4128;COMPRA;102159;2976
4125;AVANCE;600000;2977
4108;COMPRA;105880;2978
4108;COMPRA;149000;2979
4108;COMPRA;89965;2980
4107;COMPRA;1406480;2981
4107;COMPRA;34931;2982
4104;COMPRA;388076;2983
4102;COMPRA;44300;2984
4097;AVANCE;800000;2985
4088;COMPRA;100000;2986
4081;COMPRA;946814;2987
4076;COMPRA;238860;2988
4074;COMPRA;118030;2989
4073;COMPRA;49450;2990
4070;COMPRA;358063;2991
4068;AVANCE;130000;2992
4068;COMPRA;3549000;2993
4065;COMPRA;14900;2994
4065;COMPRA;1552410;2995
4059;AVANCE;800000;2996
4058;COMPRA;104801;2997
4055;COMPRA;74565;2998
4052;AVANCE;300000;2999
4051;AVANCE;400000;3000
4050;COMPRA;32900;3001
4044;AVANCE;800000;3002
4041;AVANCE;90000;3003
4024;COMPRA;1099900;3004
4017;COMPRA;304864;3005
4016;AVANCE;800000;3006
4014;COMPRA;68190;3007
4014;COMPRA;447120;3008
4013;COMPRA;644132;3009
4009;COMPRA;58794;3010
4005;COMPRA;287900;3011
4004;COMPRA;23770;3012
4002;COMPRA;87150;3013
3999;COMPRA;2135500;3014
3996;COMPRA;215348;3015
3987;COMPRA;1779900;3016
3982;COMPRA;138041;3017
3982;AVANCE;500000;3018
3978;COMPRA;160000;3019
3974;COMPRA;130060;3020
3962;COMPRA;27900;3021
3962;COMPRA;185539;3022
3961;COMPRA;388368;3023
3960;COMPRA;609928;3024
3959;COMPRA;737900;3025
3958;COMPRA;34029;3026
3958;COMPRA;72930;3027
3951;COMPRA;2800;3028
3950;COMPRA;119924;3029
3948;AVANCE;600000;3030
3947;COMPRA;139850;3031
3946;AVANCE;300000;3032
3941;COMPRA;23400;3033
3941;COMPRA;11643;3034
3930;AVANCE;350000;3035
3929;AVANCE;100000;3036
3922;COMPRA;65552;3037
3922;COMPRA;116034;3038
3920;COMPRA;338493;3039
3917;COMPRA;167113;3040
3917;COMPRA;69631;3041
3906;AVANCE;800000;3042
3903;AVANCE;300000;3043
3903;COMPRA;69050;3044
3896;COMPRA;764600;3045
3896;COMPRA;332037;3046
3891;AVANCE;800000;3047
3888;COMPRA;69900;3048
3888;AVANCE;63000;3049
3884;COMPRA;68500;3050
3883;COMPRA;599900;3051
3880;COMPRA;90015;3052
3870;COMPRA;678000;3053
3868;AVANCE;100000;3054
3861;COMPRA;418000;3055
3857;COMPRA;78379;3056
3855;AVANCE;700000;3057
3850;COMPRA;160380;3058
3845;AVANCE;400000;3059
3843;COMPRA;900000;3060
3842;COMPRA;2800;3061
3839;COMPRA;519704;3062
3838;COMPRA;32130;3063
3836;COMPRA;18800;3064
3836;COMPRA;371494;3065
3836;COMPRA;394700;3066
3832;AVANCE;110000;3067
3824;AVANCE;400000;3068
3823;COMPRA;59782;3069
3822;COMPRA;231755;3070
3821;COMPRA;37970;3071
3814;COMPRA;32900;3072
3810;COMPRA;57900;3073
3804;COMPRA;88553;3074
3797;AVANCE;800000;3075
3794;COMPRA;3045;3076
3790;COMPRA;658423;3077
3789;COMPRA;84627;3078
3788;AVANCE;139000;3079
3785;COMPRA;184219;3080
3784;AVANCE;800000;3081
3782;AVANCE;20000;3082
3774;COMPRA;35740;3083
3772;COMPRA;295000;3084
3772;COMPRA;184018;3085
3771;COMPRA;35850;3086
3770;COMPRA;987700;3087
3768;COMPRA;212850;3088
3766;COMPRA;4359623;3089
3758;AVANCE;800000;3090
3757;AVANCE;100000;3091
3755;COMPRA;235547;3092
3750;COMPRA;187994;3093
3749;COMPRA;146785;3094
3747;COMPRA;1370523;3095
3744;COMPRA;211066;3096
3744;AVANCE;600000;3097
3739;COMPRA;5091933;3098
3736;COMPRA;3184294;3099
3735;AVANCE;600000;3100
3732;COMPRA;215223;3101
3732;COMPRA;1258900;3102
3729;COMPRA;249900;3103
3719;COMPRA;98750;3104
3716;COMPRA;1429800;3105
3713;COMPRA;108979;3106
3712;COMPRA;40290;3107
3709;AVANCE;600000;3108
3708;COMPRA;258509;3109
3708;COMPRA;490000;3110
3707;COMPRA;26900;3111
3700;COMPRA;63901;3112
3699;COMPRA;266527;3113
3696;AVANCE;600000;3114
3693;AVANCE;300000;3115
3688;COMPRA;394850;3116
3670;COMPRA;200000;3117
3668;COMPRA;83054;3118
3666;AVANCE;250000;3119
3665;COMPRA;399635;3120
3663;COMPRA;219900;3121
3660;COMPRA;1599792;3122
3659;COMPRA;708900;3123
3657;AVANCE;200000;3124
3651;COMPRA;600323;3125
3647;COMPRA;12700;3126
3647;AVANCE;400000;3127
3647;COMPRA;1812699;3128
3645;AVANCE;800000;3129
3643;AVANCE;600000;3130
3642;COMPRA;487509;3131
3632;COMPRA;227010;3132
3621;COMPRA;22900;3133
3617;AVANCE;300000;3134
3609;COMPRA;200000;3135
3609;COMPRA;2598900;3136
3609;AVANCE;800000;3137
3608;COMPRA;263473;3138
3607;COMPRA;1359932;3139
3606;COMPRA;22650;3140
3602;COMPRA;43978;3141
3592;COMPRA;873990;3142
3592;COMPRA;57180;3143
3588;AVANCE;200000;3144
3588;COMPRA;91050;3145
3586;AVANCE;100000;3146
3584;COMPRA;430560;3147
3583;AVANCE;800000;3148
3580;AVANCE;50000;3149
3579;COMPRA;153826;3150
3577;COMPRA;49600;3151
3576;AVANCE;300000;3152
3574;COMPRA;174787;3153
3572;AVANCE;220000;3154
3572;COMPRA;36300;3155
3570;AVANCE;600000;3156
3563;COMPRA;20436;3157
3562;COMPRA;80000;3158
3558;COMPRA;112850;3159
3552;COMPRA;170000;3160
3551;AVANCE;600000;3161
3549;AVANCE;150000;3162
3549;COMPRA;1058100;3163
3549;COMPRA;288593;3164
3546;COMPRA;23940;3165
3544;COMPRA;39900;3166
3543;COMPRA;199601;3167
3537;COMPRA;39900;3168
3532;AVANCE;500000;3169
3527;AVANCE;800000;3170
3527;COMPRA;208390;3171
3527;COMPRA;212910;3172
3525;COMPRA;51780;3173
3523;AVANCE;520000;3174
3521;COMPRA;151630;3175
3514;AVANCE;100000;3176
3512;COMPRA;127402;3177
3512;COMPRA;549960;3178
3511;COMPRA;112321;3179
3509;COMPRA;363527;3180
3496;COMPRA;119800;3181
3491;COMPRA;26000;3182
3488;COMPRA;35285;3183
3484;COMPRA;368920;3184
3483;COMPRA;279144;3185
3481;COMPRA;66731;3186
3474;AVANCE;150000;3187
3471;COMPRA;48467;3188
3470;COMPRA;37900;3189
3469;AVANCE;800000;3190
3467;AVANCE;900000;3191
3449;COMPRA;56520;3192
3448;COMPRA;147977;3193
3444;COMPRA;39900;3194
3444;COMPRA;80950;3195
3443;AVANCE;110000;3196
3441;COMPRA;117900;3197
3440;COMPRA;95000;3198
3438;COMPRA;288576;3199
3437;COMPRA;17500;3200
3429;COMPRA;138080;3201
3424;COMPRA;20700;3202
3419;COMPRA;40000;3203
3410;COMPRA;1328514;3204
3405;AVANCE;170000;3205
3403;COMPRA;39900;3206
3397;AVANCE;600000;3207
3390;COMPRA;86215;3208
3383;COMPRA;10282;3209
3381;COMPRA;38900;3210
3380;AVANCE;400000;3211
3376;COMPRA;331967;3212
3372;COMPRA;179984;3213
3371;COMPRA;261800;3214
3365;COMPRA;34789;3215
3363;COMPRA;63050;3216
3360;COMPRA;49167;3217
3360;AVANCE;400000;3218
3357;COMPRA;1205502;3219
3356;COMPRA;284500;3220
3348;AVANCE;800000;3221
3348;AVANCE;300000;3222
3339;COMPRA;200000;3223
3336;AVANCE;600000;3224
3334;COMPRA;178104;3225
3333;COMPRA;748800;3226
3333;COMPRA;155449;3227
3331;COMPRA;198980;3228
3330;COMPRA;51300;3229
3330;AVANCE;200000;3230
3326;COMPRA;89951;3231
3326;COMPRA;26570;3232
3322;COMPRA;268000;3233
3315;COMPRA;200472;3234
3312;COMPRA;631473;3235
3307;COMPRA;113000;3236
3304;COMPRA;64150;3237
3298;AVANCE;600000;3238
3297;AVANCE;700000;3239
3292;COMPRA;101958;3240
3291;AVANCE;800000;3241
3287;AVANCE;800000;3242
3284;COMPRA;85308;3243
3283;COMPRA;24900;3244
3279;COMPRA;15100;3245
3279;COMPRA;38800;3246
3275;COMPRA;167720;3247
3266;COMPRA;62900;3248
3259;COMPRA;24400;3249
3256;COMPRA;128674;3250
3253;COMPRA;104980;3251
3251;COMPRA;70872;3252
3249;COMPRA;1579898;3253
3249;COMPRA;53408;3254
3249;COMPRA;387390;3255
3248;COMPRA;638000;3256
3247;COMPRA;548580;3257
3241;COMPRA;699900;3258
3238;COMPRA;54950;3259
3237;COMPRA;158000;3260
3223;COMPRA;138403;3261
3223;AVANCE;300000;3262
3214;AVANCE;300000;3263
3212;COMPRA;10000;3264
3207;COMPRA;24900;3265
3205;COMPRA;120000;3266
3204;COMPRA;160300;3267
3202;AVANCE;800000;3268
3198;COMPRA;2004831;3269
3194;COMPRA;1914780;3270
3189;COMPRA;88701;3271
3185;COMPRA;115641;3272
3185;COMPRA;1949715;3273
3179;COMPRA;26600;3274
3175;COMPRA;84290;3275
3172;COMPRA;2399900;3276
3171;COMPRA;2268000;3277
3168;COMPRA;34200;3278
3167;COMPRA;124600;3279
3157;AVANCE;200000;3280
3156;COMPRA;3000;3281
3155;COMPRA;1797851;3282
3153;COMPRA;139026;3283
3152;AVANCE;800000;3284
3149;COMPRA;2360256;3285
3148;AVANCE;100000;3286
3147;AVANCE;200000;3287
3146;AVANCE;400000;3288
3145;COMPRA;53800;3289
3141;COMPRA;54995;3290
3140;COMPRA;18350;3291
3138;AVANCE;125000;3292
3133;COMPRA;736451;3293
3133;COMPRA;144281;3294
3127;COMPRA;55000;3295
3126;COMPRA;56500;3296
3123;COMPRA;1446596;3297
3122;COMPRA;347938;3298
3121;COMPRA;530100;3299
3106;COMPRA;73584;3300
3102;COMPRA;158470;3301
3102;COMPRA;449750;3302
3100;AVANCE;800000;3303
3096;COMPRA;70779;3304
3094;COMPRA;1299012;3305
3090;AVANCE;400000;3306
3090;COMPRA;86900;3307
3089;AVANCE;50000;3308
3088;COMPRA;11650;3309
3087;COMPRA;30000;3310
3084;COMPRA;32900;3311
3082;COMPRA;114012;3312
3077;COMPRA;20;3313
3074;COMPRA;20500;3314
3071;COMPRA;30000;3315
3070;COMPRA;162127;3316
3068;COMPRA;111162;3317
3066;COMPRA;120009;3318
3059;AVANCE;150000;3319
3056;AVANCE;300000;3320
3053;COMPRA;39995;3321
3051;COMPRA;162600;3322
3045;COMPRA;36470;3323
3042;COMPRA;40166;3324
3041;COMPRA;53171;3325
3037;AVANCE;800000;3326
3033;COMPRA;24920;3327
3027;COMPRA;81622;3328
3023;COMPRA;484050;3329
3023;COMPRA;53900;3330
3020;COMPRA;1600900;3331
3019;AVANCE;500000;3332
3018;COMPRA;8000;3333
3015;COMPRA;497300;3334
3013;COMPRA;276391;3335
3013;COMPRA;21084;3336
3009;COMPRA;50698;3337
3007;COMPRA;79950;3338
3006;COMPRA;261723;3339
3002;AVANCE;800000;3340
2997;COMPRA;133552;3341
2994;AVANCE;300000;3342
2993;AVANCE;800000;3343
2993;COMPRA;65900;3344
2991;COMPRA;34000;3345
2989;COMPRA;186630;3346
2988;COMPRA;499900;3347
2979;COMPRA;108670;3348
2978;AVANCE;100000;3349
2974;COMPRA;59500;3350
2974;COMPRA;20000;3351
2974;COMPRA;191700;3352
2972;COMPRA;180000;3353
2971;COMPRA;6650;3354
2970;COMPRA;70700;3355
2970;AVANCE;220000;3356
2968;COMPRA;49990;3357
2968;COMPRA;706750;3358
2959;COMPRA;86410;3359
2956;COMPRA;109930;3360
2954;COMPRA;52141;3361
2945;COMPRA;32900;3362
2943;AVANCE;800000;3363
2941;AVANCE;200000;3364
2934;COMPRA;39520;3365
2933;COMPRA;13990;3366
2932;COMPRA;72150;3367
2919;COMPRA;97860;3368
2918;COMPRA;121410;3369
2912;AVANCE;200000;3370
2912;COMPRA;89988;3371
2908;AVANCE;100000;3372
2905;COMPRA;609700;3373
2905;AVANCE;260000;3374
2899;COMPRA;51862;3375
2898;AVANCE;50000;3376
2898;AVANCE;800000;3377
2895;COMPRA;125825;3378
2894;COMPRA;232670;3379
2886;COMPRA;6513;3380
2874;COMPRA;720940;3381
2871;COMPRA;60800;3382
2867;AVANCE;800000;3383
2860;COMPRA;9130;3384
2860;COMPRA;20680;3385
2859;COMPRA;287200;3386
2858;COMPRA;35994;3387
2858;COMPRA;136800;3388
2850;COMPRA;305355;3389
2847;COMPRA;13986;3390
2844;COMPRA;95800;3391
2843;COMPRA;112426;3392
2841;AVANCE;20000;3393
2835;AVANCE;95000;3394
2834;COMPRA;100000;3395
2833;COMPRA;26900;3396
2833;COMPRA;599900;3397
2827;COMPRA;120900;3398
2826;AVANCE;250000;3399
2825;COMPRA;48000;3400
2825;COMPRA;1399000;3401
2824;COMPRA;1859800;3402
2815;COMPRA;459154;3403
2813;COMPRA;60900;3404
2812;COMPRA;223721;3405
2810;COMPRA;52802;3406
2806;AVANCE;800000;3407
2806;COMPRA;849727;3408
2804;COMPRA;32900;3409
2803;COMPRA;174572;3410
2803;AVANCE;800000;3411
2800;COMPRA;60000;3412
2796;COMPRA;1120941;3413
2793;COMPRA;1050870;3414
2789;COMPRA;57150;3415
2783;COMPRA;408204;3416
2780;AVANCE;550000;3417
2778;COMPRA;62000;3418
2774;COMPRA;84077;3419
2773;COMPRA;5499;3420
2773;COMPRA;228979;3421
2763;COMPRA;117800;3422
2758;AVANCE;150000;3423
2756;AVANCE;50000;3424
2755;COMPRA;1285194;3425
2754;AVANCE;130000;3426
2749;COMPRA;30000;3427
2739;COMPRA;277000;3428
2731;COMPRA;178671;3429
2723;COMPRA;35000;3430
2720;AVANCE;800000;3431
2718;AVANCE;300000;3432
2715;COMPRA;1448310;3433
2713;COMPRA;275000;3434
2709;COMPRA;127238;3435
2707;COMPRA;74000;3436
2695;COMPRA;41282;3437
2692;COMPRA;147400;3438
2688;COMPRA;172900;3439
2685;AVANCE;800000;3440
2683;COMPRA;270000;3441
2667;COMPRA;38900;3442
2667;COMPRA;141551;3443
2665;COMPRA;25302;3444
2664;COMPRA;266600;3445
2650;COMPRA;13800;3446
2648;COMPRA;80000;3447
2648;COMPRA;123010;3448
2638;COMPRA;50000;3449
2636;COMPRA;59900;3450
2632;COMPRA;39900;3451
2631;COMPRA;31300;3452
2621;AVANCE;210000;3453
2620;COMPRA;108156;3454
2612;COMPRA;154700;3455
2607;COMPRA;200000;3456
2601;COMPRA;106350;3457
2593;COMPRA;32900;3458
2584;COMPRA;17900;3459
2583;COMPRA;94160;3460
2576;AVANCE;800000;3461
2573;COMPRA;2800;3462
2572;COMPRA;40584;3463
2562;COMPRA;2240000;3464
2560;AVANCE;300000;3465
2559;COMPRA;100000;3466
2559;COMPRA;50000;3467
2556;COMPRA;136386;3468
2555;AVANCE;90000;3469
2551;AVANCE;640000;3470
2544;COMPRA;715075;3471
2535;COMPRA;1040000;3472
2535;AVANCE;800000;3473
2534;AVANCE;600000;3474
2533;AVANCE;800000;3475
2525;COMPRA;338989;3476
2523;COMPRA;128919;3477
2520;COMPRA;880000;3478
2517;COMPRA;429380;3479
2515;COMPRA;163562;3480
2514;COMPRA;139934;3481
2513;COMPRA;152944;3482
2512;COMPRA;85431;3483
2510;COMPRA;317487;3484
2509;COMPRA;10500;3485
2506;COMPRA;99970;3486
2506;COMPRA;206700;3487
2491;COMPRA;28757;3488
2491;AVANCE;800000;3489
2489;COMPRA;27221;3490
2480;COMPRA;5760000;3491
2478;AVANCE;400000;3492
2477;AVANCE;350000;3493
2471;AVANCE;150000;3494
2466;COMPRA;495900;3495
2465;AVANCE;100000;3496
2462;AVANCE;800000;3497
2457;AVANCE;80000;3498
2457;COMPRA;2826595;3499
